<?xml version="1.0" encoding="utf-8"?><!--Generated by ILIAS XmlWriter--><Manifest MainEntity="lm" Title="Online-Hilfepaket 7" TargetRelease="7.21.0" InstallationId="6127" InstallationUrl="https://help.ilias.de"><ExportFile Component="Modules/LearningModule" Path="Modules/LearningModule/set_1/export.xml"/><ExportFile Component="Services/MediaObjects" Path="Services/MediaObjects/set_1/export.xml"/><ExportFile Component="Services/MetaData" Path="Services/MetaData/set_1/export.xml"/><ExportFile Component="Modules/File" Path="Modules/File/set_1/export.xml"/><ExportFile Component="Services/MetaData" Path="Services/MetaData/set_2/export.xml"/><ExportFile Component="Services/Object" Path="Services/Object/set_1/export.xml"/><ExportFile Component="Services/COPage" Path="Services/COPage/set_1/export.xml"/><ExportFile Component="Services/MetaData" Path="Services/MetaData/set_3/export.xml"/><ExportFile Component="Services/Object" Path="Services/Object/set_2/export.xml"/><ExportFile Component="Services/Object" Path="Services/Object/set_3/export.xml"/><ExportFile Component="Services/Help" Path="Services/Help/set_1/export.xml"/><ExportFile Component="Services/Help" Path="Services/Help/set_2/export.xml"/><ExportFile Component="Services/Help" Path="Services/Help/set_3/export.xml"/><ExportFile Component="Services/Style" Path="Services/Style/set_1/export.xml"/></Manifest>