<?xml version="1.0" encoding="utf-8"?><!--Generated by ILIAS XmlWriter--><exp:Export InstallationId="6127" InstallationUrl="https://help.ilias.de" Entity="mob" SchemaVersion="5.1.0" TargetRelease="7.21.0" xmlns:xsi="http://www.w3.org/2001/XMLSchema-instance" xmlns:exp="http://www.ilias.de/Services/Export/exp/4_1" xsi:schemaLocation="http://www.ilias.de/Services/Export/exp/4_1 https://help.ilias.de/xml/ilias_export_4_1.xsd http://www.ilias.de/Services/MediaObjects/mob/5_1 https://help.ilias.de/xml/ilias_mob_5_1.xsd http://www.ilias.de/Services/DataSet/ds/4_3 https://help.ilias.de/xml/ilias_ds_4_3.xsd" xmlns="http://www.ilias.de/Services/MediaObjects/mob/5_1" xmlns:ds="http://www.ilias.de/Services/DataSet/ds/4_3"><exp:ExportItem Id="1163"><ds:DataSet InstallationId="6127" InstallationUrl="https://help.ilias.de" TopEntity="mob"><ds:Rec Entity="mob"><Mob><Id>1163</Id><Title>Administration_Metadaten_Creative-Commons.png</Title><Description>image/png</Description><ImportId>il_1510_mob_28398</ImportId><Dir>Services/MediaObjects/set_1/expDir_1/dsDir_1</Dir></Mob></ds:Rec><ds:Rec Entity="mob_media_item"><MobMediaItem><Id>106</Id><MobId>1163</MobId><Width>594</Width><Height>644</Height><Halign>Left</Halign><Caption/><Nr>1</Nr><Purpose>Standard</Purpose><Location>Administration_Metadaten_Creative-Commons.png</Location><LocationType>LocalFile</LocationType><Format>image/png</Format><TextRepresentation/></MobMediaItem></ds:Rec><ds:Rec Entity="mob_media_item"><MobMediaItem><Id>107</Id><MobId>1163</MobId><Width>594</Width><Height>644</Height><Halign/><Caption/><Nr>2</Nr><Purpose>Fullscreen</Purpose><Location>Administration_Metadaten_Creative-Commons.png</Location><LocationType>LocalFile</LocationType><Format>image/png</Format><TextRepresentation/></MobMediaItem></ds:Rec></ds:DataSet></exp:ExportItem><exp:ExportItem Id="7601"><ds:DataSet InstallationId="6127" InstallationUrl="https://help.ilias.de" TopEntity="mob"><ds:Rec Entity="mob"><Mob><Id>7601</Id><Title>xapi-ilias6-data-protection.jpg</Title><Description>image/jpeg</Description><ImportId/><Dir>Services/MediaObjects/set_1/expDir_2/dsDir_1</Dir></Mob></ds:Rec><ds:Rec Entity="mob_media_item"><MobMediaItem><Id>1847</Id><MobId>7601</MobId><Width></Width><Height></Height><Halign>Left</Halign><Caption></Caption><Nr>1</Nr><Purpose>Standard</Purpose><Location>xapi-ilias6-data-protection.jpg</Location><LocationType>LocalFile</LocationType><Format>image/jpeg</Format><TextRepresentation></TextRepresentation></MobMediaItem></ds:Rec><ds:Rec Entity="mob_media_item"><MobMediaItem><Id>1848</Id><MobId>7601</MobId><Width/><Height/><Halign/><Caption/><Nr>2</Nr><Purpose>Fullscreen</Purpose><Location>xapi-ilias6-data-protection.jpg</Location><LocationType>LocalFile</LocationType><Format>image/jpeg</Format><TextRepresentation/></MobMediaItem></ds:Rec></ds:DataSet></exp:ExportItem><exp:ExportItem Id="7587"><ds:DataSet InstallationId="6127" InstallationUrl="https://help.ilias.de" TopEntity="mob"><ds:Rec Entity="mob"><Mob><Id>7587</Id><Title>2023-01-16_09h29_55.png</Title><Description>image/png</Description><ImportId/><Dir>Services/MediaObjects/set_1/expDir_3/dsDir_1</Dir></Mob></ds:Rec><ds:Rec Entity="mob_media_item"><MobMediaItem><Id>1841</Id><MobId>7587</MobId><Width></Width><Height></Height><Halign>Left</Halign><Caption></Caption><Nr>1</Nr><Purpose>Standard</Purpose><Location>2023-01-16_09h29_55.png</Location><LocationType>LocalFile</LocationType><Format>image/png</Format><TextRepresentation></TextRepresentation></MobMediaItem></ds:Rec><ds:Rec Entity="mob_media_item"><MobMediaItem><Id>1842</Id><MobId>7587</MobId><Width/><Height/><Halign/><Caption/><Nr>2</Nr><Purpose>Fullscreen</Purpose><Location>2023-01-16_09h29_55.png</Location><LocationType>LocalFile</LocationType><Format>image/png</Format><TextRepresentation/></MobMediaItem></ds:Rec></ds:DataSet></exp:ExportItem><exp:ExportItem Id="7586"><ds:DataSet InstallationId="6127" InstallationUrl="https://help.ilias.de" TopEntity="mob"><ds:Rec Entity="mob"><Mob><Id>7586</Id><Title>2023-01-15_11h58_03.png</Title><Description>image/png</Description><ImportId/><Dir>Services/MediaObjects/set_1/expDir_4/dsDir_1</Dir></Mob></ds:Rec><ds:Rec Entity="mob_media_item"><MobMediaItem><Id>1838</Id><MobId>7586</MobId><Width></Width><Height></Height><Halign>Left</Halign><Caption></Caption><Nr>1</Nr><Purpose>Standard</Purpose><Location>2023-01-15_11h58_03.png</Location><LocationType>LocalFile</LocationType><Format>image/png</Format><TextRepresentation></TextRepresentation></MobMediaItem></ds:Rec><ds:Rec Entity="mob_media_item"><MobMediaItem><Id>1839</Id><MobId>7586</MobId><Width/><Height/><Halign/><Caption/><Nr>2</Nr><Purpose>Fullscreen</Purpose><Location>2023-01-15_11h58_03.png</Location><LocationType>LocalFile</LocationType><Format>image/png</Format><TextRepresentation/></MobMediaItem></ds:Rec></ds:DataSet></exp:ExportItem></exp:Export>