<?xml version="1.0" encoding="utf-8"?><!--Generated by ILIAS XmlWriter--><exp:Export InstallationId="6127" InstallationUrl="https://help.ilias.de" Entity="md" SchemaVersion="4.1.0" TargetRelease="7.21.0" xmlns:xsi="http://www.w3.org/2001/XMLSchema-instance" xmlns:exp="http://www.ilias.de/Services/Export/exp/4_1" xsi:schemaLocation="http://www.ilias.de/Services/Export/exp/4_1 https://help.ilias.de/xml/ilias_export_4_1.xsd http://www.ilias.de/Services/MetaData/md/4_1 https://help.ilias.de/xml/ilias_md_4_1.xsd" xmlns="http://www.ilias.de/Services/MetaData/md/4_1"><exp:ExportItem Id="0:1163:mob"><MetaData><General Structure="Hierarchical"><Identifier Catalog="ILIAS" Entry="il_6127_mob_1163"/><Title Language="de">Administration_Metadaten_Creative-Commons.png</Title><Language Language="de"/><Description Language="de">image/png</Description><Keyword Language="de"/></General></MetaData></exp:ExportItem><exp:ExportItem Id="0:7601:mob"><MetaData><General Structure="Hierarchical"><Identifier Catalog="ILIAS" Entry="il_6127_mob_7601"/><Title Language="de">xapi-ilias6-data-protection.jpg</Title><Language Language="de"/><Description Language="de">image/jpeg</Description><Keyword Language="de"/></General></MetaData></exp:ExportItem><exp:ExportItem Id="0:7587:mob"><MetaData><General Structure="Hierarchical"><Identifier Catalog="ILIAS" Entry="il_6127_mob_7587"/><Title Language="de">2023-01-16_09h29_55.png</Title><Language Language="de"/><Description Language="de">image/png</Description><Keyword Language="de"/></General></MetaData></exp:ExportItem><exp:ExportItem Id="0:7586:mob"><MetaData><General Structure="Hierarchical"><Identifier Catalog="ILIAS" Entry="il_6127_mob_7586"/><Title Language="de">2023-01-15_11h58_03.png</Title><Language Language="de"/><Description Language="de">image/png</Description><Keyword Language="de"/></General></MetaData></exp:ExportItem></exp:Export>