<?xml version="1.0" encoding="utf-8"?><!--Generated by ILIAS XmlWriter--><exp:Export InstallationId="6127" InstallationUrl="https://help.ilias.de" Entity="tile" SchemaVersion="5.4.0" TargetRelease="7.21.0" xmlns:xsi="http://www.w3.org/2001/XMLSchema-instance" xmlns:exp="http://www.ilias.de/Services/Export/exp/4_1" xsi:schemaLocation="http://www.ilias.de/Services/Export/exp/4_1 https://help.ilias.de/xml/ilias_export_4_1.xsd http://www.ilias.de/Services/Object/obj/5_4 https://help.ilias.de/xml/ilias_obj_5_4.xsd http://www.ilias.de/Services/DataSet/ds/4_3 https://help.ilias.de/xml/ilias_ds_4_3.xsd" xmlns="http://www.ilias.de/Services/Object/obj/5_4" xmlns:ds="http://www.ilias.de/Services/DataSet/ds/4_3"><exp:ExportItem Id="190"><ds:DataSet InstallationId="6127" InstallationUrl="https://help.ilias.de" TopEntity="tile"><ds:Rec Entity="tile"><Tile><ObjId>190</ObjId><Extension>png</Extension><Dir>Services/Object/set_3/expDir_1/dsDir_1</Dir></Tile></ds:Rec></ds:DataSet></exp:ExportItem></exp:Export>